X1,X2,n
AAAAGGC,C8aT,27016
AAAAGGC,C8bT,6271
AAAAGGC,C18bT,6115
AAAAGGC,C27bT,5795
AAAAGGC,C27aT,4402
AAAAGGC,C9aT,1871
AAAAGGC,C9bT,1711
AAAAGGC,C12aT,999
AAAAGGC,C20aT,880
AAAAGGC,C0aT,744
AAAAGGC,C20bT,674
AAAAGGC,C7aT,247
AAAAGGC,C14aT,141
AAAAGGC,C14bT,97
AAAAGGC,C5aT,78
AAAAGGC,C5bT,34
AAAAGGC,C10bT,25
AAAAGGC,C7bT,25
AAAAGGC,C18aT,23
AAAAGGC,C12bT,21
AAAAGGC,C15bT,14
AAAAGGC,C2bT,13
AAAAGGC,C2aT,12
AAAAGGC,C6bT,11
AAAAGGC,C3bT,10
AAAAGGC,C0bT,7
AAAAGGC,C6aT,5
AAAAGGC,C13aT,3
AAAAGGC,C1bT,1
AAACCCT,C0aT,7289
AAACCCT,C2bT,2596
AAACCCT,C2aT,1300
AAACCCT,C27bT,385
AAACCCT,C18bT,334
AAACCCT,C0bT,293
AAACCCT,C27aT,260
AAACCCT,C9aT,156
AAACCCT,C9bT,116
AAACCCT,C20aT,84
AAACCCT,C12aT,78
AAACCCT,C20bT,45
AAACCCT,C7aT,15
AAACCCT,C5aT,14
AAACCCT,C14aT,12
AAACCCT,C14bT,9
AAACCCT,C12bT,4
AAACCCT,C13aT,3
AAACCCT,C3bT,3
AAACCCT,C8bT,3
AAACCCT,C10bT,2
AAACCCT,C5bT,2
AAACCCT,C15aT,1
AAACCCT,C15bT,1
AAACCCT,C6aT,1
AAACCCT,C7bT,1
AAACCCT,C8aT,1
AACAGTG,C5aT,504
AACAGTG,C5bT,198
AACAGTG,C18bT,44
AACAGTG,C27bT,24
AACAGTG,C27aT,20
AACAGTG,C9aT,13
AACAGTG,C9bT,9
AACAGTG,C0aT,7
AACAGTG,C14aT,4
AACAGTG,C12aT,3
AACAGTG,C20aT,3
AACAGTG,C20bT,3
AACAGTG,C7aT,3
AACAGTG,C14bT,1
AACAGTG,C2bT,1
AACAGTG,C8bT,1
AACCAAG,C5aT,2140
AACCAAG,C5bT,940
AACCAAG,C27bT,262
AACCAAG,C18bT,171
AACCAAG,C27aT,169
AACCAAG,C0bT,123
AACCAAG,C9aT,112
AACCAAG,C9bT,101
AACCAAG,C12aT,54
AACCAAG,C20aT,49
AACCAAG,C20bT,45
AACCAAG,C0aT,43
AACCAAG,C7aT,7
AACCAAG,C12bT,5
AACCAAG,C14aT,4
AACCAAG,C14bT,4
AACCAAG,C10bT,3
AACCAAG,C18aT,2
AACCAAG,C8bT,2
AACCAAG,C15bT,1
AACCAAG,C2bT,1
AACCAAG,C7bT,1
AACCGCT,C0aT,158
AACCGCT,C5aT,115
AACCGCT,C18bT,49
AACCGCT,C27bT,45
AACCGCT,C27aT,36
AACCGCT,C5bT,34
AACCGCT,C9bT,27
AACCGCT,C9aT,20
AACCGCT,C0bT,16
AACCGCT,C12aT,12
AACCGCT,C20aT,7
AACCGCT,C20bT,5
AACCGCT,C15aT,2
AACCGCT,C2bT,2
AACCGCT,C14aT,1
AACCGCT,C14bT,1
AACCGCT,C15bT,1
AACCGCT,C2aT,1
AACCGCT,C7aT,1
AACGTGT,C5aT,206
AACGTGT,C5bT,71
AACGTGT,C14aT,63
AACGTGT,C27bT,55
AACGTGT,C18bT,48
AACGTGT,C27aT,42
AACGTGT,C14bT,39
AACGTGT,C9bT,31
AACGTGT,C9aT,18
AACGTGT,C12aT,13
AACGTGT,C20aT,9
AACGTGT,C0aT,7
AACGTGT,C7bT,7
AACGTGT,C20bT,6
AACGTGT,C7aT,3
AACGTGT,C12bT,1
AACGTGT,C13aT,1
AACGTGT,C15aT,1
AACGTGT,C3aT,1
AACGTGT,C3bT,1
AAGCACA,C5aT,10426
AAGCACA,C5bT,4521
AAGCACA,C27bT,1330
AAGCACA,C18bT,1109
AAGCACA,C27aT,938
AAGCACA,C9aT,624
AAGCACA,C9bT,497
AAGCACA,C12aT,318
AAGCACA,C20aT,284
AAGCACA,C0aT,268
AAGCACA,C20bT,200
AAGCACA,C7aT,67
AAGCACA,C7bT,66
AAGCACA,C14aT,38
AAGCACA,C12bT,17
AAGCACA,C14bT,17
AAGCACA,C8bT,14
AAGCACA,C18aT,7
AAGCACA,C3bT,7
AAGCACA,C13aT,5
AAGCACA,C8aT,5
AAGCACA,C10bT,4
AAGCACA,C2bT,4
AAGCACA,C2aT,3
AAGCACA,C15aT,2
AAGCACA,C0bT,1
AAGCACA,C15bT,1
AATGCCT,C6bT,25590
AATGCCT,C6aT,6431
AATGCCT,C27bT,938
AATGCCT,C18bT,685
AATGCCT,C27aT,608
AATGCCT,C9aT,437
AATGCCT,C9bT,408
AATGCCT,C12aT,231
AATGCCT,C20aT,190
AATGCCT,C0aT,186
AATGCCT,C12bT,161
AATGCCT,C20bT,148
AATGCCT,C14aT,32
AATGCCT,C7aT,32
AATGCCT,C5aT,17
AATGCCT,C8bT,12
AATGCCT,C5bT,11
AATGCCT,C13aT,8
AATGCCT,C14bT,8
AATGCCT,C15aT,8
AATGCCT,C18aT,8
AATGCCT,C15bT,7
AATGCCT,C3bT,3
AATGCCT,C2aT,2
AATGCCT,C8aT,2
AATGCCT,C2bT,1
AATGCCT,C7bT,1
ACAAAGC,C8aT,3242
ACAAAGC,C18bT,2263
ACAAAGC,C27bT,1320
ACAAAGC,C27aT,774
ACAAAGC,C8bT,767
ACAAAGC,C9aT,306
ACAAAGC,C9bT,300
ACAAAGC,C12aT,167
ACAAAGC,C20aT,147
ACAAAGC,C0aT,130
ACAAAGC,C20bT,121
ACAAAGC,C14aT,16
ACAAAGC,C12bT,15
ACAAAGC,C15aT,14
ACAAAGC,C18aT,14
ACAAAGC,C5aT,14
ACAAAGC,C7aT,11
ACAAAGC,C5bT,8
ACAAAGC,C3bT,7
ACAAAGC,C14bT,6
ACAAAGC,C10bT,5
ACAAAGC,C13aT,5
ACAAAGC,C2aT,5
ACAAAGC,C2bT,4
ACAAAGC,C7bT,4
ACAAAGC,C0bT,1
ACAAAGC,C15bT,1
ACAAAGC,C6bT,1
ACACGTG,C5aT,355
ACACGTG,C0aT,305
ACACGTG,C5bT,139
ACACGTG,C0bT,41
ACACGTG,C27aT,13
ACACGTG,C27bT,10
ACACGTG,C18bT,6
ACACGTG,C9bT,5
ACACGTG,C20bT,3
ACACGTG,C9aT,3
ACACGTG,C12aT,2
ACACGTG,C7aT,2
ACACGTG,C15bT,1
ACACGTG,C3aT,1
ACAGGAT,C8aT,1378
ACAGGAT,C8bT,223
ACAGGAT,C27bT,132
ACAGGAT,C18bT,101
ACAGGAT,C27aT,101
ACAGGAT,C9aT,77
ACAGGAT,C9bT,39
ACAGGAT,C12aT,32
ACAGGAT,C20aT,19
ACAGGAT,C0aT,16
ACAGGAT,C20bT,12
ACAGGAT,C7bT,6
ACAGGAT,C14aT,5
ACAGGAT,C5aT,4
ACAGGAT,C7aT,4
ACAGGAT,C12bT,3
ACAGGAT,C5bT,2
ACAGGAT,C10bT,1
ACAGGAT,C14bT,1
ACAGGAT,C15aT,1
ACAGGAT,C2bT,1
ACAGGAT,C3bT,1
ACAGGAT,C6bT,1
ACATTCA,C5aT,2998
ACATTCA,C6bT,2355
ACATTCA,C5bT,1279
ACATTCA,C18bT,367
ACATTCA,C27bT,339
ACATTCA,C6aT,307
ACATTCA,C12bT,217
ACATTCA,C27aT,216
ACATTCA,C9aT,156
ACATTCA,C9bT,108
ACATTCA,C20aT,78
ACATTCA,C12aT,76
ACATTCA,C0aT,64
ACATTCA,C20bT,41
ACATTCA,C7aT,10
ACATTCA,C14bT,5
ACATTCA,C14aT,3
ACATTCA,C15aT,2
ACATTCA,C15bT,2
ACATTCA,C8bT,2
ACATTCA,C0bT,1
ACATTCA,C13aT,1
ACATTCA,C18aT,1
ACATTCA,C2aT,1
ACATTCA,C3bT,1
ACCAGAT,C5aT,1220
ACCAGAT,C5bT,527
ACCAGAT,C27bT,179
ACCAGAT,C18bT,131
ACCAGAT,C27aT,98
ACCAGAT,C9bT,61
ACCAGAT,C9aT,60
ACCAGAT,C12aT,36
ACCAGAT,C20aT,35
ACCAGAT,C20bT,23
ACCAGAT,C0aT,20
ACCAGAT,C7aT,8
ACCAGAT,C14aT,3
ACCAGAT,C7bT,3
ACCAGAT,C12bT,2
ACCAGAT,C14bT,2
ACCAGAT,C3bT,2
ACCAGAT,C15aT,1
ACCAGAT,C15bT,1
ACCAGAT,C8aT,1
ACGGAAC,C5aT,948
ACGGAAC,C5bT,397
ACGGAAC,C27bT,70
ACGGAAC,C18bT,46
ACGGAAC,C9aT,27
ACGGAAC,C0aT,25
ACGGAAC,C27aT,21
ACGGAAC,C9bT,19
ACGGAAC,C20aT,15
ACGGAAC,C12aT,14
ACGGAAC,C20bT,7
ACGGAAC,C7bT,6
ACGGAAC,C14aT,3
ACGGAAC,C13aT,2
ACGGAAC,C14bT,1
ACGGAAC,C3bT,1
ACGGAAC,C7aT,1
ACGGAAC,C8aT,1
ACGGAAC,C8bT,1
ACGTCAT,C0aT,1861
ACGTCAT,C2bT,578
ACGTCAT,C2aT,309
ACGTCAT,C0bT,129
ACGTCAT,C27bT,123
ACGTCAT,C18bT,114
ACGTCAT,C27aT,72
ACGTCAT,C9aT,43
ACGTCAT,C12aT,31
ACGTCAT,C9bT,31
ACGTCAT,C20aT,20
ACGTCAT,C20bT,16
ACGTCAT,C5aT,4
ACGTCAT,C14aT,2
ACGTCAT,C7aT,2
ACGTCAT,C3bT,1
ACGTCAT,C5bT,1
ACGTCAT,C7bT,1
ACGTTGC,C0aT,22988
ACGTTGC,C5aT,13000
ACGTTGC,C5bT,5444
ACGTTGC,C18bT,2584
ACGTTGC,C0bT,2299
ACGTTGC,C27bT,2043
ACGTTGC,C27aT,1340
ACGTTGC,C9aT,609
ACGTTGC,C9bT,551
ACGTTGC,C20aT,326
ACGTTGC,C12aT,292
ACGTTGC,C20bT,240
ACGTTGC,C14aT,62
ACGTTGC,C7aT,41
ACGTTGC,C14bT,34
ACGTTGC,C7bT,21
ACGTTGC,C8bT,21
ACGTTGC,C3bT,14
ACGTTGC,C12bT,10
ACGTTGC,C8aT,9
ACGTTGC,C2aT,8
ACGTTGC,C13aT,7
ACGTTGC,C2bT,7
ACGTTGC,C15aT,6
ACGTTGC,C6bT,5
ACGTTGC,C18aT,4
ACGTTGC,C15bT,3
ACTGTGT,C27bT,827
ACTGTGT,C18bT,609
ACTGTGT,C27aT,529
ACTGTGT,C9bT,443
ACTGTGT,C9aT,422
ACTGTGT,C20aT,204
ACTGTGT,C12aT,166
ACTGTGT,C20bT,138
ACTGTGT,C0aT,102
ACTGTGT,C14aT,25
ACTGTGT,C7aT,19
ACTGTGT,C14bT,16
ACTGTGT,C5aT,14
ACTGTGT,C8bT,14
ACTGTGT,C12bT,4
ACTGTGT,C13aT,4
ACTGTGT,C15bT,4
ACTGTGT,C3bT,4
ACTGTGT,C5bT,4
ACTGTGT,C8aT,3
ACTGTGT,C18aT,2
ACTGTGT,C10bT,1
ACTGTGT,C15aT,1
ACTGTGT,C2bT,1
ACTGTGT,C6bT,1
AGAAGAC,C5aT,241
AGAAGAC,C5bT,97
AGAAGAC,C18bT,44
AGAAGAC,C27bT,28
AGAAGAC,C9aT,17
AGAAGAC,C9bT,16
AGAAGAC,C27aT,15
AGAAGAC,C12aT,8
AGAAGAC,C20bT,6
AGAAGAC,C20aT,5
AGAAGAC,C7bT,3
AGAAGAC,C0aT,2
AGAAGAC,C15bT,1
AGAAGAC,C7aT,1
AGTCGTG,C8aT,129
AGTCGTG,C8bT,20
AGTCGTG,C27aT,12
AGTCGTG,C9bT,9
AGTCGTG,C27bT,8
AGTCGTG,C12aT,6
AGTCGTG,C18bT,6
AGTCGTG,C9aT,5
AGTCGTG,C0aT,2
AGTCGTG,C20aT,2
AGTCGTG,C12bT,1
AGTCGTG,C5aT,1
ATAGAGC,C8aT,189
ATAGAGC,C18bT,53
ATAGAGC,C27bT,49
ATAGAGC,C27aT,37
ATAGAGC,C8bT,23
ATAGAGC,C9aT,16
ATAGAGC,C20aT,14
ATAGAGC,C12aT,7
ATAGAGC,C9bT,7
ATAGAGC,C0aT,4
ATAGAGC,C2bT,2
ATAGAGC,C12bT,1
ATAGAGC,C15aT,1
ATAGAGC,C15bT,1
ATAGAGC,C20bT,1
ATAGAGC,C3bT,1
ATCATTA,C5aT,7252
ATCATTA,C5bT,3286
ATCATTA,C18bT,1126
ATCATTA,C27bT,780
ATCATTA,C27aT,557
ATCATTA,C9aT,303
ATCATTA,C9bT,194
ATCATTA,C20aT,141
ATCATTA,C0aT,131
ATCATTA,C12aT,107
ATCATTA,C20bT,96
ATCATTA,C7aT,26
ATCATTA,C14aT,14
ATCATTA,C7bT,14
ATCATTA,C18aT,11
ATCATTA,C14bT,9
ATCATTA,C3bT,7
ATCATTA,C15aT,6
ATCATTA,C8bT,6
ATCATTA,C8aT,5
ATCATTA,C12bT,4
ATCATTA,C10bT,3
ATCATTA,C15bT,3
ATCATTA,C2bT,2
ATCATTA,C3aT,2
ATCATTA,C6bT,2
ATCATTA,C0bT,1
ATCATTA,C13aT,1
ATCATTA,C2aT,1
ATCATTA,C6aT,1
ATCCAGT,C0aT,1354
ATCCAGT,C5aT,433
ATCCAGT,C27bT,258
ATCCAGT,C18bT,205
ATCCAGT,C5bT,161
ATCCAGT,C27aT,118
ATCCAGT,C9aT,103
ATCCAGT,C0bT,89
ATCCAGT,C9bT,88
ATCCAGT,C20aT,47
ATCCAGT,C12aT,45
ATCCAGT,C20bT,29
ATCCAGT,C14aT,7
ATCCAGT,C13aT,4
ATCCAGT,C7aT,4
ATCCAGT,C14bT,3
ATCCAGT,C3bT,3
ATCCAGT,C7bT,2
ATCCAGT,C10bT,1
ATCCAGT,C15bT,1
ATCCAGT,C18aT,1
ATCCAGT,C8bT,1
CAGTAGG,C0aT,1457
CAGTAGG,C5aT,850
CAGTAGG,C5bT,291
CAGTAGG,C18bT,159
CAGTAGG,C27bT,147
CAGTAGG,C27aT,91
CAGTAGG,C0bT,75
CAGTAGG,C9aT,56
CAGTAGG,C9bT,39
CAGTAGG,C12aT,35
CAGTAGG,C20bT,23
CAGTAGG,C20aT,20
CAGTAGG,C7aT,3
CAGTAGG,C10bT,2
CAGTAGG,C14aT,2
CAGTAGG,C18aT,2
CAGTAGG,C8aT,2
CAGTAGG,C15aT,1
CAGTAGG,C2bT,1
CAGTAGG,C3bT,1
CAGTAGG,C8bT,1
CATCGGT,C5aT,1182
CATCGGT,C5bT,487
CATCGGT,C0bT,111
CATCGGT,C27bT,101
CATCGGT,C18bT,72
CATCGGT,C27aT,72
CATCGGT,C9aT,48
CATCGGT,C9bT,38
CATCGGT,C20bT,23
CATCGGT,C20aT,21
CATCGGT,C12aT,16
CATCGGT,C0aT,11
CATCGGT,C14aT,4
CATCGGT,C12bT,3
CATCGGT,C3aT,3
CATCGGT,C8aT,3
CATCGGT,C14bT,1
CATCGGT,C15aT,1
CATCGGT,C15bT,1
CATCGGT,C6bT,1
CATCGGT,C7aT,1
CATCGGT,C8bT,1
CATGAAG,C5aT,342
CATGAAG,C5bT,156
CATGAAG,C27bT,76
CATGAAG,C18bT,69
CATGAAG,C27aT,39
CATGAAG,C9bT,23
CATGAAG,C20bT,14
CATGAAG,C9aT,14
CATGAAG,C20aT,12
CATGAAG,C0aT,11
CATGAAG,C12aT,10
CATGAAG,C14bT,2
CATGAAG,C2aT,2
CATGAAG,C7bT,2
CATGAAG,C6bT,1
CATGAAG,C7aT,1
CCACTAG,C0aT,6093
CCACTAG,C5aT,2912
CCACTAG,C5bT,1229
CCACTAG,C18bT,690
CCACTAG,C27bT,615
CCACTAG,C27aT,424
CCACTAG,C0bT,403
CCACTAG,C9aT,229
CCACTAG,C9bT,199
CCACTAG,C12aT,135
CCACTAG,C20aT,116
CCACTAG,C20bT,77
CCACTAG,C7aT,17
CCACTAG,C14aT,11
CCACTAG,C8bT,8
CCACTAG,C7bT,7
CCACTAG,C14bT,6
CCACTAG,C3bT,6
CCACTAG,C12bT,4
CCACTAG,C18aT,3
CCACTAG,C10bT,2
CCACTAG,C15bT,2
CCACTAG,C2aT,2
CCACTAG,C13aT,1
CCATCTC,C5aT,57
CCATCTC,C5bT,31
CCATCTC,C27bT,14
CCATCTC,C18bT,5
CCATCTC,C9aT,5
CCATCTC,C20aT,4
CCATCTC,C27aT,3
CCATCTC,C0aT,2
CCATCTC,C12aT,2
CCATCTC,C20bT,1
CCATCTC,C9bT,1
CCATTCA,C5aT,352
CCATTCA,C5bT,125
CCATTCA,C18bT,32
CCATTCA,C27bT,23
CCATTCA,C27aT,13
CCATTCA,C9aT,12
CCATTCA,C0aT,10
CCATTCA,C9bT,7
CCATTCA,C20aT,4
CCATTCA,C20bT,4
CCATTCA,C12aT,3
CCATTCA,C14aT,2
CCATTCA,C6bT,2
CCATTCA,C13aT,1
CCATTCA,C14bT,1
CCATTCA,C7aT,1
CCATTCA,C7bT,1
CGATCAC,C5aT,423
CGATCAC,C5bT,127
CGATCAC,C18bT,60
CGATCAC,C0bT,51
CGATCAC,C27bT,51
CGATCAC,C27aT,41
CGATCAC,C9aT,30
CGATCAC,C9bT,29
CGATCAC,C20aT,18
CGATCAC,C12aT,10
CGATCAC,C20bT,9
CGATCAC,C0aT,7
CGATCAC,C7bT,5
CGATCAC,C14aT,3
CGATCAC,C8aT,3
CGATCAC,C14bT,2
CGATCAC,C3bT,2
CGATCAC,C2bT,1
CGATCAC,C7aT,1
CGCATAC,C5aT,1020
CGCATAC,C5bT,432
CGCATAC,C0bT,60
CGCATAC,C27bT,18
CGCATAC,C27aT,13
CGCATAC,C18bT,12
CGCATAC,C9aT,12
CGCATAC,C0aT,11
CGCATAC,C9bT,11
CGCATAC,C12aT,8
CGCATAC,C20aT,6
CGCATAC,C20bT,2
CGCATAC,C14aT,1
CGCATAC,C2bT,1
CGCATAC,C7bT,1
CGGATGA,C0aT,553
CGGATGA,C5aT,233
CGGATGA,C5bT,95
CGGATGA,C27bT,48
CGGATGA,C0bT,36
CGGATGA,C18bT,29
CGGATGA,C27aT,22
CGGATGA,C9aT,22
CGGATGA,C9bT,12
CGGATGA,C12aT,11
CGGATGA,C20bT,7
CGGATGA,C20aT,6
CGGATGA,C7bT,3
CGGATGA,C3bT,1
CGGATGA,C7aT,1
CGTTTCA,C5aT,12062
CGTTTCA,C5bT,4387
CGTTTCA,C18bT,1581
CGTTTCA,C27bT,1160
CGTTTCA,C27aT,658
CGTTTCA,C0bT,576
CGTTTCA,C9aT,275
CGTTTCA,C9bT,200
CGTTTCA,C0aT,171
CGTTTCA,C20aT,155
CGTTTCA,C12aT,104
CGTTTCA,C20bT,96
CGTTTCA,C14aT,22
CGTTTCA,C7aT,22
CGTTTCA,C14bT,19
CGTTTCA,C13aT,8
CGTTTCA,C3bT,8
CGTTTCA,C8bT,8
CGTTTCA,C7bT,7
CGTTTCA,C6bT,5
CGTTTCA,C15aT,4
CGTTTCA,C18aT,4
CGTTTCA,C12bT,3
CGTTTCA,C2bT,3
CGTTTCA,C10bT,1
CGTTTCA,C15bT,1
CGTTTCA,C2aT,1
CGTTTCA,C8aT,1
CTACGTT,C0aT,782
CTACGTT,C5aT,319
CTACGTT,C5bT,143
CTACGTT,C27bT,91
CTACGTT,C18bT,89
CTACGTT,C27aT,71
CTACGTT,C0bT,53
CTACGTT,C9aT,31
CTACGTT,C9bT,29
CTACGTT,C20aT,21
CTACGTT,C20bT,20
CTACGTT,C12aT,15
CTACGTT,C7aT,3
CTACGTT,C14aT,2
CTACGTT,C14bT,2
CTACGTT,C2bT,1
CTACGTT,C3bT,1
CTGGTAC,C0aT,983
CTGGTAC,C5aT,457
CTGGTAC,C5bT,165
CTGGTAC,C27bT,153
CTGGTAC,C18bT,126
CTGGTAC,C27aT,86
CTGGTAC,C0bT,75
CTGGTAC,C9aT,70
CTGGTAC,C9bT,64
CTGGTAC,C20aT,32
CTGGTAC,C12aT,27
CTGGTAC,C20bT,19
CTGGTAC,C7aT,9
CTGGTAC,C6bT,4
CTGGTAC,C14aT,3
CTGGTAC,C14bT,3
CTGGTAC,C7bT,3
CTGGTAC,C12bT,2
CTGGTAC,C15bT,1
CTGGTAC,C2aT,1
CTGGTAC,C8bT,1
CTTTCCA,C0aT,1411
CTTTCCA,C5aT,587
CTTTCCA,C27bT,338
CTTTCCA,C18bT,263
CTTTCCA,C5bT,235
CTTTCCA,C27aT,182
CTTTCCA,C9aT,106
CTTTCCA,C9bT,88
CTTTCCA,C0bT,84
CTTTCCA,C20aT,66
CTTTCCA,C12aT,64
CTTTCCA,C20bT,52
CTTTCCA,C7bT,10
CTTTCCA,C7aT,9
CTTTCCA,C14aT,8
CTTTCCA,C14bT,2
CTTTCCA,C2aT,2
CTTTCCA,C6bT,2
CTTTCCA,C12bT,1
CTTTCCA,C2bT,1
CTTTCCA,C8aT,1
GAACTGA,C0aT,1590
GAACTGA,C5aT,527
GAACTGA,C5bT,186
GAACTGA,C18bT,142
GAACTGA,C27bT,109
GAACTGA,C0bT,91
GAACTGA,C27aT,74
GAACTGA,C9aT,50
GAACTGA,C12aT,25
GAACTGA,C9bT,25
GAACTGA,C20bT,19
GAACTGA,C20aT,15
GAACTGA,C14bT,5
GAACTGA,C13aT,4
GAACTGA,C14aT,3
GAACTGA,C15aT,2
GAACTGA,C6bT,2
GAACTGA,C7aT,2
GAACTGA,C18aT,1
GAACTGA,C2aT,1
GAACTGA,C2bT,1
GAACTGA,C7bT,1
GAACTGA,C8aT,1
GAATCGA,C0aT,3042
GAATCGA,C5aT,2134
GAATCGA,C5bT,824
GAATCGA,C0bT,320
GAATCGA,C18bT,111
GAATCGA,C27bT,103
GAATCGA,C27aT,71
GAATCGA,C9aT,42
GAATCGA,C9bT,37
GAATCGA,C20aT,20
GAATCGA,C12aT,18
GAATCGA,C20bT,11
GAATCGA,C7aT,5
GAATCGA,C12bT,1
GAATCGA,C14aT,1
GAATCGA,C2bT,1
GAATCGA,C7bT,1
GAATCGA,C8aT,1
GAATCGA,C8bT,1
GATATCG,C5aT,3168
GATATCG,C5bT,1258
GATATCG,C27bT,239
GATATCG,C18bT,227
GATATCG,C27aT,155
GATATCG,C9aT,119
GATATCG,C9bT,99
GATATCG,C20aT,50
GATATCG,C12aT,47
GATATCG,C0aT,43
GATATCG,C20bT,21
GATATCG,C7aT,14
GATATCG,C12bT,5
GATATCG,C14aT,5
GATATCG,C14bT,3
GATATCG,C2bT,3
GATATCG,C0bT,1
GATATCG,C3aT,1
GATATCG,C3bT,1
GATATCG,C6aT,1
GATTGGC,C5aT,1542
GATTGGC,C5bT,607
GATTGGC,C27bT,95
GATTGGC,C18bT,63
GATTGGC,C27aT,53
GATTGGC,C9aT,29
GATTGGC,C9bT,25
GATTGGC,C12aT,22
GATTGGC,C20aT,20
GATTGGC,C0aT,13
GATTGGC,C20bT,4
GATTGGC,C14aT,2
GATTGGC,C7aT,2
GATTGGC,C7bT,2
GATTGGC,C14bT,1
GATTGGC,C6aT,1
GATTGGC,C6bT,1
GCAACGA,C8aT,10814
GCAACGA,C18bT,6375
GCAACGA,C27bT,3563
GCAACGA,C27aT,2812
GCAACGA,C8bT,2580
GCAACGA,C9aT,753
GCAACGA,C9bT,664
GCAACGA,C0aT,416
GCAACGA,C20aT,386
GCAACGA,C20bT,320
GCAACGA,C12aT,313
GCAACGA,C14aT,64
GCAACGA,C5aT,48
GCAACGA,C7aT,40
GCAACGA,C7bT,28
GCAACGA,C13aT,18
GCAACGA,C15bT,16
GCAACGA,C10bT,14
GCAACGA,C5bT,13
GCAACGA,C18aT,10
GCAACGA,C14bT,9
GCAACGA,C3bT,9
GCAACGA,C15aT,8
GCAACGA,C2bT,8
GCAACGA,C12bT,7
GCAACGA,C6bT,6
GCAACGA,C2aT,5
GCAACGA,C3aT,3
GCAACGA,C6aT,3
GCAACGA,C0bT,1
GCCATAC,C5aT,627
GCCATAC,C5bT,254
GCCATAC,C27bT,232
GCCATAC,C18bT,231
GCCATAC,C27aT,119
GCCATAC,C9aT,87
GCCATAC,C9bT,81
GCCATAC,C12aT,53
GCCATAC,C20aT,45
GCCATAC,C0aT,28
GCCATAC,C20bT,21
GCCATAC,C7aT,10
GCCATAC,C7bT,7
GCCATAC,C14aT,4
GCCATAC,C14bT,4
GCCATAC,C12bT,2
GCCATAC,C15bT,1
GCCATAC,C3aT,1
GCCATAC,C3bT,1
GCCATAC,C8aT,1
GCCTATA,C0aT,624
GCCTATA,C5aT,242
GCCTATA,C5bT,122
GCCTATA,C27bT,62
GCCTATA,C9aT,46
GCCTATA,C18bT,44
GCCTATA,C0bT,37
GCCTATA,C27aT,33
GCCTATA,C9bT,22
GCCTATA,C12aT,20
GCCTATA,C20aT,14
GCCTATA,C20bT,14
GCCTATA,C7bT,5
GCCTATA,C6bT,3
GCCTATA,C7aT,3
GCCTATA,C12bT,1
GCCTATA,C13aT,1
GCCTATA,C14bT,1
GCCTATA,C18aT,1
GCCTATA,C3bT,1
GCTTTCT,C0aT,879
GCTTTCT,C8aT,205
GCTTTCT,C18bT,69
GCTTTCT,C27bT,68
GCTTTCT,C8bT,57
GCTTTCT,C27aT,41
GCTTTCT,C0bT,38
GCTTTCT,C9bT,27
GCTTTCT,C9aT,19
GCTTTCT,C12aT,17
GCTTTCT,C20aT,10
GCTTTCT,C20bT,6
GCTTTCT,C18aT,2
GCTTTCT,C7aT,2
GCTTTCT,C14aT,1
GCTTTCT,C15bT,1
GCTTTCT,C2aT,1
GGACCTA,C5aT,178
GGACCTA,C5bT,62
GGACCTA,C27bT,36
GGACCTA,C27aT,24
GGACCTA,C18bT,17
GGACCTA,C9bT,11
GGACCTA,C9aT,10
GGACCTA,C20aT,8
GGACCTA,C12aT,6
GGACCTA,C0aT,4
GGACCTA,C20bT,4
GGACCTA,C14aT,2
GGACCTA,C15bT,1
GGACCTA,C18aT,1
GGACCTA,C6bT,1
GGACCTA,C8bT,1
GGTCATG,C5aT,951
GGTCATG,C5bT,412
GGTCATG,C27bT,307
GGTCATG,C18bT,227
GGTCATG,C27aT,189
GGTCATG,C9aT,152
GGTCATG,C9bT,137
GGTCATG,C20aT,80
GGTCATG,C12aT,76
GGTCATG,C0aT,48
GGTCATG,C20bT,44
GGTCATG,C7aT,16
GGTCATG,C14aT,9
GGTCATG,C13aT,4
GGTCATG,C14bT,4
GGTCATG,C7bT,4
GGTCATG,C12bT,3
GGTCATG,C15bT,2
GGTCATG,C2aT,2
GGTCATG,C6bT,2
GGTCATG,C8bT,2
GGTCATG,C18aT,1
GGTCATG,C3bT,1
GTCCTCT,C14bT,78
GTCCTCT,C27bT,33
GTCCTCT,C27aT,29
GTCCTCT,C18bT,25
GTCCTCT,C14aT,14
GTCCTCT,C20aT,12
GTCCTCT,C9aT,12
GTCCTCT,C5aT,11
GTCCTCT,C20bT,9
GTCCTCT,C0aT,6
GTCCTCT,C9bT,6
GTCCTCT,C12aT,5
GTCCTCT,C5bT,4
GTCCTCT,C7aT,2
GTCCTCT,C12bT,1
GTCCTCT,C6aT,1
GTCGTAT,C5aT,3821
GTCGTAT,C5bT,1399
GTCGTAT,C27bT,590
GTCGTAT,C18bT,579
GTCGTAT,C27aT,305
GTCGTAT,C9aT,193
GTCGTAT,C9bT,143
GTCGTAT,C12aT,115
GTCGTAT,C20aT,102
GTCGTAT,C0aT,79
GTCGTAT,C20bT,78
GTCGTAT,C14aT,16
GTCGTAT,C7aT,9
GTCGTAT,C14bT,5
GTCGTAT,C2aT,5
GTCGTAT,C3bT,4
GTCGTAT,C12bT,3
GTCGTAT,C1bT,3
GTCGTAT,C8bT,3
GTCGTAT,C15bT,2
GTCGTAT,C7bT,2
GTCGTAT,C18aT,1
GTCGTAT,C2bT,1
GTCGTAT,C6aT,1
GTCTTCT,C5aT,6592
GTCTTCT,C5bT,2535
GTCTTCT,C18bT,743
GTCTTCT,C27bT,679
GTCTTCT,C27aT,494
GTCTTCT,C9aT,249
GTCTTCT,C9bT,183
GTCTTCT,C0aT,106
GTCTTCT,C12aT,96
GTCTTCT,C20aT,92
GTCTTCT,C20bT,91
GTCTTCT,C14aT,15
GTCTTCT,C7bT,14
GTCTTCT,C7aT,13
GTCTTCT,C8bT,9
GTCTTCT,C3bT,6
GTCTTCT,C12bT,5
GTCTTCT,C13aT,5
GTCTTCT,C14bT,4
GTCTTCT,C18aT,4
GTCTTCT,C6bT,3
GTCTTCT,C8aT,2
GTCTTCT,C2aT,1
GTGAAGA,C2bT,325
GTGAAGA,C2aT,138
GTGAAGA,C27bT,45
GTGAAGA,C18bT,42
GTGAAGA,C27aT,22
GTGAAGA,C9bT,16
GTGAAGA,C9aT,14
GTGAAGA,C20aT,9
GTGAAGA,C12aT,8
GTGAAGA,C20bT,8
GTGAAGA,C0aT,6
GTGAAGA,C5aT,4
GTGAAGA,C7bT,4
GTGAAGA,C7aT,2
GTGAAGA,C14aT,1
GTGAAGA,C14bT,1
GTGATAC,C8aT,768
GTGATAC,C8bT,126
GTGATAC,C0bT,69
GTGATAC,C27aT,58
GTGATAC,C27bT,49
GTGATAC,C18bT,47
GTGATAC,C9aT,27
GTGATAC,C20aT,15
GTGATAC,C20bT,13
GTGATAC,C9bT,12
GTGATAC,C0aT,9
GTGATAC,C12aT,8
GTGATAC,C5aT,3
GTGATAC,C14bT,2
GTGATAC,C14aT,1
GTGATAC,C15aT,1
GTGATAC,C15bT,1
GTGATAC,C3aT,1
GTGATAC,C3bT,1
GTGATAC,C7aT,1
GTGCTAT,C5aT,692
GTGCTAT,C5bT,274
GTGCTAT,C27bT,111
GTGCTAT,C18bT,91
GTGCTAT,C27aT,61
GTGCTAT,C9aT,51
GTGCTAT,C9bT,31
GTGCTAT,C20aT,26
GTGCTAT,C12aT,25
GTGCTAT,C0aT,13
GTGCTAT,C20bT,12
GTGCTAT,C14aT,4
GTGCTAT,C14bT,2
GTGCTAT,C2bT,2
GTGCTAT,C6bT,2
GTGCTAT,C3bT,1
GTGCTAT,C7aT,1
GTGCTAT,C7bT,1
GTGCTAT,C8aT,1
GTGTCCT,C5aT,272
GTGTCCT,C5bT,102
GTGTCCT,C18bT,40
GTGTCCT,C27bT,30
GTGTCCT,C9aT,24
GTGTCCT,C27aT,20
GTGTCCT,C9bT,19
GTGTCCT,C12aT,9
GTGTCCT,C20bT,9
GTGTCCT,C20aT,6
GTGTCCT,C0aT,3
GTGTCCT,C13aT,3
GTGTCCT,C7bT,3
GTGTCCT,C14aT,1
GTGTCCT,C15aT,1
GTGTCCT,C7aT,1
GTGTCCT,C8bT,1
GTTGCTA,C5aT,3737
GTTGCTA,C5bT,1391
GTTGCTA,C18bT,487
GTTGCTA,C27bT,460
GTTGCTA,C27aT,334
GTTGCTA,C9aT,213
GTTGCTA,C9bT,148
GTTGCTA,C20aT,123
GTTGCTA,C12aT,95
GTTGCTA,C0aT,64
GTTGCTA,C20bT,63
GTTGCTA,C7aT,15
GTTGCTA,C14aT,12
GTTGCTA,C14bT,6
GTTGCTA,C3bT,6
GTTGCTA,C7bT,4
GTTGCTA,C8bT,4
GTTGCTA,C18aT,3
GTTGCTA,C13aT,2
GTTGCTA,C2bT,2
GTTGCTA,C3aT,2
GTTGCTA,C6bT,2
GTTGCTA,C15bT,1
GTTGCTA,C2aT,1
GTTTCGG,C0aT,1
GTTTCGG,C5aT,1
GTTTCGG,C9aT,1
TAAGATA,C5aT,40756
TAAGATA,C5bT,15964
TAAGATA,C18bT,4315
TAAGATA,C27bT,3925
TAAGATA,C27aT,2496
TAAGATA,C9aT,1522
TAAGATA,C9bT,1088
TAAGATA,C0aT,742
TAAGATA,C20aT,674
TAAGATA,C12aT,568
TAAGATA,C7bT,347
TAAGATA,C20bT,306
TAAGATA,C14bT,81
TAAGATA,C7aT,55
TAAGATA,C8bT,52
TAAGATA,C14aT,37
TAAGATA,C15aT,31
TAAGATA,C18aT,22
TAAGATA,C2aT,19
TAAGATA,C13aT,18
TAAGATA,C3aT,18
TAAGATA,C12bT,15
TAAGATA,C2bT,15
TAAGATA,C8aT,11
TAAGATA,C6bT,9
TAAGATA,C4bT,8
TAAGATA,C3bT,7
TAAGATA,C15bT,3
TAAGATA,C6aT,3
TAAGATA,C0bT,1
TAAGATA,C1bT,1
TACCTTC,C8aT,239
TACCTTC,C18bT,98
TACCTTC,C27bT,95
TACCTTC,C27aT,63
TACCTTC,C8bT,50
TACCTTC,C9bT,35
TACCTTC,C9aT,33
TACCTTC,C20aT,16
TACCTTC,C0aT,13
TACCTTC,C12aT,12
TACCTTC,C20bT,10
TACCTTC,C7aT,5
TACCTTC,C5aT,3
TACCTTC,C2bT,2
TACCTTC,C12bT,1
TAGAACG,C18bT,220
TAGAACG,C27bT,202
TAGAACG,C27aT,116
TAGAACG,C9aT,113
TAGAACG,C9bT,92
TAGAACG,C20aT,67
TAGAACG,C12aT,63
TAGAACG,C0aT,38
TAGAACG,C20bT,31
TAGAACG,C7aT,12
TAGAACG,C5aT,9
TAGAACG,C14aT,6
TAGAACG,C5bT,6
TAGAACG,C14bT,3
TAGAACG,C12bT,1
TAGAACG,C13aT,1
TAGAACG,C15aT,1
TAGAACG,C3bT,1
TAGAGCG,C5aT,37818
TAGAGCG,C5bT,16168
TAGAGCG,C27bT,8720
TAGAGCG,C18bT,7105
TAGAGCG,C27aT,6252
TAGAGCG,C9aT,4531
TAGAGCG,C9bT,3846
TAGAGCG,C12aT,2088
TAGAGCG,C20aT,1711
TAGAGCG,C0aT,1388
TAGAGCG,C20bT,1279
TAGAGCG,C7aT,254
TAGAGCG,C14aT,208
TAGAGCG,C14bT,167
TAGAGCG,C12bT,52
TAGAGCG,C18aT,50
TAGAGCG,C15aT,49
TAGAGCG,C3bT,48
TAGAGCG,C7bT,38
TAGAGCG,C8bT,20
TAGAGCG,C6bT,18
TAGAGCG,C8aT,18
TAGAGCG,C2aT,16
TAGAGCG,C2bT,15
TAGAGCG,C13aT,13
TAGAGCG,C3aT,5
TAGAGCG,C6aT,4
TAGAGCG,C0bT,2
TAGAGCG,C10bT,2
TAGATGA,C0aT,4966
TAGATGA,C5aT,4881
TAGATGA,C18bT,1904
TAGATGA,C5bT,1520
TAGATGA,C27bT,974
TAGATGA,C27aT,551
TAGATGA,C0bT,286
TAGATGA,C9aT,231
TAGATGA,C9bT,182
TAGATGA,C20bT,97
TAGATGA,C12aT,92
TAGATGA,C20aT,92
TAGATGA,C14aT,20
TAGATGA,C8bT,18
TAGATGA,C7aT,15
TAGATGA,C13aT,9
TAGATGA,C14bT,6
TAGATGA,C15aT,4
TAGATGA,C15bT,4
TAGATGA,C18aT,4
TAGATGA,C7bT,4
TAGATGA,C12bT,3
TAGATGA,C2aT,3
TAGATGA,C2bT,3
TAGATGA,C8aT,3
TAGATGA,C3bT,1
TAGATGA,C6bT,1
TATGCAG,C0aT,348
TATGCAG,C5aT,165
TATGCAG,C5bT,64
TATGCAG,C18bT,60
TATGCAG,C27bT,57
TATGCAG,C27aT,44
TATGCAG,C9aT,24
TATGCAG,C0bT,18
TATGCAG,C20aT,11
TATGCAG,C9bT,11
TATGCAG,C12aT,8
TATGCAG,C20bT,5
TATGCAG,C12bT,2
TATGCAG,C15aT,2
TATGCAG,C3aT,1
TATGCAG,C7bT,1
TCCTCAT,C5aT,6429
TCCTCAT,C5bT,2972
TCCTCAT,C27bT,1807
TCCTCAT,C27aT,1513
TCCTCAT,C18bT,1350
TCCTCAT,C9bT,882
TCCTCAT,C9aT,875
TCCTCAT,C12aT,586
TCCTCAT,C20aT,428
TCCTCAT,C0aT,266
TCCTCAT,C20bT,258
TCCTCAT,C7aT,85
TCCTCAT,C8bT,38
TCCTCAT,C14bT,33
TCCTCAT,C10bT,21
TCCTCAT,C7bT,18
TCCTCAT,C12bT,15
TCCTCAT,C13aT,15
TCCTCAT,C3bT,15
TCCTCAT,C14aT,14
TCCTCAT,C15bT,13
TCCTCAT,C2aT,5
TCCTCAT,C6bT,4
TCCTCAT,C8aT,4
TCCTCAT,C2bT,3
TCCTCAT,C0bT,1
TCCTCAT,C15aT,1
TCGCGTT,C5aT,133
TCGCGTT,C27bT,76
TCGCGTT,C18bT,75
TCGCGTT,C27aT,46
TCGCGTT,C5bT,36
TCGCGTT,C9aT,36
TCGCGTT,C9bT,21
TCGCGTT,C20aT,16
TCGCGTT,C20bT,10
TCGCGTT,C0aT,9
TCGCGTT,C12aT,9
TCGCGTT,C14aT,3
TCGCGTT,C15aT,1
TCGCGTT,C15bT,1
TCGCGTT,C7bT,1
TCGCTAG,C5aT,27868
TCGCTAG,C2bT,19543
TCGCTAG,C2aT,12263
TCGCTAG,C5bT,10967
TCGCTAG,C18bT,1091
TCGCTAG,C27bT,972
TCGCTAG,C27aT,719
TCGCTAG,C9aT,488
TCGCTAG,C0aT,393
TCGCTAG,C9bT,337
TCGCTAG,C20aT,210
TCGCTAG,C12aT,189
TCGCTAG,C20bT,146
TCGCTAG,C7aT,31
TCGCTAG,C14aT,20
TCGCTAG,C7bT,20
TCGCTAG,C3bT,18
TCGCTAG,C13aT,9
TCGCTAG,C14bT,9
TCGCTAG,C8aT,8
TCGCTAG,C12bT,7
TCGCTAG,C15bT,7
TCGCTAG,C8bT,5
TCGCTAG,C0bT,3
TCGCTAG,C6bT,2
TCGCTAG,C10bT,1
TCGCTAG,C18aT,1
TCGCTAG,C1aT,1
TCGCTAG,C3aT,1
TCGTACA,C5aT,417
TCGTACA,C5bT,198
TCGTACA,C27bT,92
TCGTACA,C18bT,83
TCGTACA,C27aT,41
TCGTACA,C9aT,38
TCGTACA,C20aT,31
TCGTACA,C12aT,22
TCGTACA,C9bT,21
TCGTACA,C20bT,14
TCGTACA,C0aT,7
TCGTACA,C7bT,4
TCGTACA,C7aT,3
TCGTACA,C12bT,1
TCGTACA,C18aT,1
TCTGGAA,C5aT,1443
TCTGGAA,C5bT,482
TCTGGAA,C27bT,147
TCTGGAA,C18bT,119
TCTGGAA,C27aT,84
TCTGGAA,C9aT,70
TCTGGAA,C9bT,51
TCTGGAA,C0aT,33
TCTGGAA,C12aT,30
TCTGGAA,C20aT,28
TCTGGAA,C20bT,22
TCTGGAA,C14bT,5
TCTGGAA,C7aT,4
TCTGGAA,C14aT,2
TCTGGAA,C2aT,2
TCTGGAA,C6bT,2
TCTGGAA,C7bT,2
TCTGGAA,C12bT,1
TCTGGAA,C13aT,1
TCTGGAA,C8bT,1
TGACTCT,C5aT,326
TGACTCT,C5bT,137
TGACTCT,C27bT,35
TGACTCT,C18bT,34
TGACTCT,C27aT,28
TGACTCT,C9aT,19
TGACTCT,C20aT,17
TGACTCT,C20bT,13
TGACTCT,C12aT,8
TGACTCT,C9bT,8
TGACTCT,C7bT,5
TGACTCT,C0aT,4
TGACTCT,C14aT,3
TGACTCT,C7aT,2
TGACTCT,C14bT,1
TGACTCT,C15aT,1
TGACTCT,C6aT,1
TGACTCT,C8aT,1
TGCAAAC,C5aT,721
TGCAAAC,C18bT,615
TGCAAAC,C27bT,408
TGCAAAC,C5bT,278
TGCAAAC,C27aT,263
TGCAAAC,C9aT,144
TGCAAAC,C9bT,105
TGCAAAC,C20aT,75
TGCAAAC,C12aT,55
TGCAAAC,C20bT,54
TGCAAAC,C0aT,50
TGCAAAC,C14aT,12
TGCAAAC,C18aT,8
TGCAAAC,C15aT,7
TGCAAAC,C7aT,6
TGCAAAC,C15bT,3
TGCAAAC,C2bT,3
TGCAAAC,C8bT,3
TGCAAAC,C10bT,2
TGCAAAC,C12bT,2
TGCAAAC,C3bT,2
TGCAAAC,C7bT,2
TGCAAAC,C8aT,2
TGCAAAC,C0bT,1
TGCAAAC,C13aT,1
TGCATCC,C8aT,1418
TGCATCC,C27bT,432
TGCATCC,C18bT,396
TGCATCC,C27aT,305
TGCATCC,C8bT,226
TGCATCC,C9aT,151
TGCATCC,C9bT,137
TGCATCC,C12aT,92
TGCATCC,C20aT,91
TGCATCC,C20bT,65
TGCATCC,C0aT,56
TGCATCC,C14aT,15
TGCATCC,C5aT,10
TGCATCC,C7aT,6
TGCATCC,C15aT,5
TGCATCC,C5bT,5
TGCATCC,C14bT,4
TGCATCC,C7bT,3
TGCATCC,C2bT,2
TGCATCC,C10bT,1
TGCATCC,C13aT,1
TGCATCC,C15bT,1
TGCCCAA,C5aT,460
TGCCCAA,C5bT,212
TGCCCAA,C18bT,43
TGCCCAA,C27bT,43
TGCCCAA,C27aT,30
TGCCCAA,C12aT,17
TGCCCAA,C9aT,15
TGCCCAA,C9bT,11
TGCCCAA,C20aT,9
TGCCCAA,C0aT,7
TGCCCAA,C20bT,5
TGCCCAA,C7aT,2
TGGGTGA,C5aT,1085
TGGGTGA,C5bT,379
TGGGTGA,C0bT,110
TGGGTGA,C27bT,72
TGGGTGA,C18bT,47
TGGGTGA,C27aT,33
TGGGTGA,C9aT,30
TGGGTGA,C20aT,21
TGGGTGA,C9bT,14
TGGGTGA,C0aT,12
TGGGTGA,C12aT,10
TGGGTGA,C20bT,6
TGGGTGA,C14aT,3
TGGGTGA,C7bT,2
TGGGTGA,C14bT,1
TGGGTGA,C7aT,1
TGTAGGG,C5aT,526
TGTAGGG,C5bT,233
TGTAGGG,C27bT,108
TGTAGGG,C18bT,78
TGTAGGG,C27aT,78
TGTAGGG,C9bT,42
TGTAGGG,C9aT,37
TGTAGGG,C0aT,25
TGTAGGG,C12aT,22
TGTAGGG,C20aT,20
TGTAGGG,C20bT,18
TGTAGGG,C14aT,7
TGTAGGG,C14bT,4
TGTAGGG,C12bT,2
TGTAGGG,C7aT,2
TGTAGGG,C7bT,2
TGTAGGG,C15aT,1
TGTAGGG,C3bT,1
TGTATGT,C0aT,46484
TGTATGT,C5aT,13993
TGTATGT,C5bT,5074
TGTATGT,C18bT,3355
TGTATGT,C27bT,2400
TGTATGT,C0bT,2321
TGTATGT,C27aT,1567
TGTATGT,C9aT,648
TGTATGT,C9bT,477
TGTATGT,C20aT,323
TGTATGT,C12aT,240
TGTATGT,C20bT,192
TGTATGT,C14aT,63
TGTATGT,C7aT,40
TGTATGT,C8bT,27
TGTATGT,C14bT,21
TGTATGT,C18aT,20
TGTATGT,C7bT,14
TGTATGT,C8aT,14
TGTATGT,C3bT,13
TGTATGT,C12bT,8
TGTATGT,C13aT,6
TGTATGT,C6bT,6
TGTATGT,C2aT,5
TGTATGT,C2bT,5
TGTATGT,C6aT,4
TGTATGT,C15aT,2
TGTATGT,C10bT,1
TGTGAAC,C0aT,801
TGTGAAC,C5aT,744
TGTGAAC,C5bT,253
TGTGAAC,C27bT,46
TGTGAAC,C18bT,37
TGTGAAC,C9aT,30
TGTGAAC,C0bT,23
TGTGAAC,C27aT,22
TGTGAAC,C9bT,15
TGTGAAC,C20aT,8
TGTGAAC,C12aT,7
TGTGAAC,C20bT,5
TGTGAAC,C7aT,2
TGTGAAC,C7bT,2
TGTGAAC,C15aT,1
TGTGAAC,C2aT,1
TGTGAAC,C3aT,1
TGTGAAC,C3bT,1
TTCCAGG,C5aT,3
TTCCAGG,C0aT,2
TTCCAGG,C20aT,1
TTCCAGG,C9aT,1